Sale_ID,Date,Customer_Name,Product,Category,City,Quantity,Unit_Price,Total_Amount
1,2025-11-26,Priya,Laptop,Accessories,Ahmedabad,8,42684,341472
2,2024-07-27,Rahul,Keyboard,Electronics,Hyderabad,4,72573,290292
3,2024-04-03,Pooja,Laptop,Electronics,Chennai,4,2805,11220
4,2025-09-27,Rohit,Mouse,Electronics,Surat,3,51139,153417
5,2025-05-15,Pooja,Headphones,Accessories,Surat,6,32963,197778
6,2025-01-14,Anjali,Mouse,Office,Delhi,5,44715,223575
7,2024-09-05,Rohit,Keyboard,Electronics,Mumbai,8,68134,545072
8,2025-12-08,Anjali,Tablet,Office,Chennai,3,64830,194490
9,2024-02-05,Karan,Headphones,Accessories,Delhi,6,68160,408960
10,2025-11-30,Neha,Mobile,Office,Hyderabad,7,35390,247730
11,2025-04-06,Rohit,Keyboard,Accessories,Pune,1,11342,11342
12,2024-05-27,Anjali,Mobile,Office,Mumbai,7,28341,198387
13,2025-08-19,Sneha,Laptop,Accessories,Pune,6,8617,51702
14,2025-11-30,Priya,Mouse,Electronics,Pune,2,12122,24244
15,2024-07-22,Anjali,Mobile,Accessories,Bangalore,7,17003,119021
16,2025-02-12,Pooja,Mouse,Accessories,Mumbai,8,67675,541400
17,2024-01-04,Neha,Monitor,Office,Mumbai,5,75205,376025
18,2025-05-29,Sneha,Mouse,Accessories,Ahmedabad,2,76368,152736
19,2024-06-30,Karan,Keyboard,Office,Mumbai,8,40452,323616
20,2025-06-07,Karan,Mouse,Office,Mumbai,8,51935,415480
21,2025-02-21,Priya,Headphones,Electronics,Delhi,3,27790,83370
22,2024-03-10,Vikas,Mouse,Accessories,Mumbai,7,38613,270291
23,2024-11-28,Rahul,Tablet,Office,Hyderabad,4,36314,145256
24,2024-02-18,Vikas,Headphones,Electronics,Surat,4,14050,56200
25,2025-06-20,Sneha,Mobile,Office,Mumbai,9,47786,430074
26,2025-04-07,Pooja,Laptop,Accessories,Pune,7,52939,370573
27,2025-10-15,Karan,Laptop,Office,Surat,8,6249,49992
28,2024-08-02,Anjali,Printer,Electronics,Pune,10,53595,535950
29,2024-02-15,Rahul,Tablet,Office,Pune,10,50097,500970
30,2024-12-30,Vikas,Printer,Office,Hyderabad,8,71310,570480
31,2025-09-28,Karan,Monitor,Office,Ahmedabad,1,33451,33451
32,2025-07-04,Anjali,Headphones,Accessories,Ahmedabad,9,77458,697122
33,2024-12-16,Neha,Mouse,Office,Pune,8,28852,230816
34,2025-09-24,Priya,Printer,Accessories,Delhi,1,59204,59204
35,2025-05-25,Priya,Headphones,Electronics,Ahmedabad,5,57655,288275
36,2024-11-23,Karan,Mouse,Accessories,Delhi,7,76814,537698
37,2024-04-07,Sneha,Mouse,Office,Hyderabad,3,29686,89058
38,2025-07-12,Pooja,Monitor,Accessories,Hyderabad,8,77078,616624
39,2025-10-23,Sneha,Headphones,Office,Pune,9,19346,174114
40,2024-07-29,Rahul,Mobile,Accessories,Pune,5,54357,271785
41,2025-11-29,Vikas,Keyboard,Electronics,Chennai,10,62350,623500
42,2024-01-09,Priya,Keyboard,Electronics,Ahmedabad,5,57408,287040
43,2024-03-25,Rohit,Laptop,Electronics,Pune,6,6190,37140
44,2025-11-03,Karan,Laptop,Electronics,Hyderabad,1,36021,36021
45,2025-10-01,Rohit,Mobile,Accessories,Hyderabad,8,57547,460376
46,2024-10-19,Rahul,Tablet,Electronics,Chennai,3,43460,130380
47,2025-12-02,Neha,Headphones,Office,Chennai,8,50111,400888
48,2024-08-14,Pooja,Monitor,Accessories,Chennai,9,73449,661041
49,2024-07-29,Priya,Monitor,Electronics,Bangalore,1,34269,34269
50,2024-02-09,Vikas,Printer,Accessories,Bangalore,8,67723,541784
51,2025-05-24,Amit,Tablet,Office,Ahmedabad,9,10184,91656
52,2025-12-14,Karan,Mouse,Electronics,Bangalore,2,74433,148866
53,2024-03-19,Amit,Tablet,Office,Chennai,2,20753,41506
54,2024-03-02,Priya,Keyboard,Electronics,Pune,6,26256,157536
55,2025-09-21,Karan,Monitor,Accessories,Hyderabad,10,15181,151810
56,2024-07-17,Neha,Tablet,Accessories,Mumbai,6,31535,189210
57,2025-05-06,Rahul,Tablet,Electronics,Pune,6,57507,345042
58,2024-05-02,Neha,Mouse,Accessories,Pune,5,25000,125000
59,2025-01-09,Rahul,Mobile,Electronics,Mumbai,6,53559,321354
60,2024-06-01,Neha,Tablet,Office,Ahmedabad,8,34085,272680
61,2024-10-21,Anjali,Keyboard,Office,Delhi,7,41146,288022
62,2025-03-23,Pooja,Keyboard,Accessories,Delhi,9,39361,354249
63,2024-09-02,Vikas,Headphones,Office,Chennai,9,41599,374391
64,2024-01-12,Rohit,Mouse,Electronics,Chennai,7,71986,503902
65,2024-05-04,Rahul,Mouse,Office,Surat,4,30059,120236
66,2025-12-16,Pooja,Mouse,Electronics,Mumbai,8,36083,288664
67,2025-06-17,Rahul,Tablet,Accessories,Delhi,4,26105,104420
68,2025-09-27,Vikas,Keyboard,Electronics,Bangalore,9,10217,91953
69,2024-06-22,Karan,Headphones,Accessories,Ahmedabad,1,27922,27922
70,2024-10-26,Priya,Monitor,Office,Hyderabad,6,38998,233988
71,2024-11-13,Karan,Mobile,Accessories,Pune,3,38599,115797
72,2024-01-01,Vikas,Monitor,Office,Chennai,7,27073,189511
73,2024-08-30,Priya,Mouse,Electronics,Bangalore,4,12006,48024
74,2024-05-18,Neha,Mouse,Electronics,Delhi,2,43153,86306
75,2024-06-29,Amit,Monitor,Electronics,Hyderabad,4,22177,88708
76,2024-04-18,Amit,Laptop,Accessories,Surat,3,19440,58320
77,2025-07-16,Vikas,Mobile,Electronics,Pune,6,19433,116598
78,2024-02-07,Vikas,Mouse,Office,Mumbai,7,79146,554022
79,2025-03-08,Sneha,Headphones,Accessories,Surat,2,56630,113260
80,2025-07-11,Priya,Mobile,Electronics,Chennai,3,47185,141555
81,2025-08-19,Anjali,Mobile,Accessories,Ahmedabad,1,50898,50898
82,2025-05-19,Neha,Tablet,Office,Surat,2,19838,39676
83,2024-09-21,Neha,Mouse,Electronics,Hyderabad,3,13969,41907
84,2024-05-04,Karan,Laptop,Office,Delhi,2,4556,9112
85,2024-09-18,Sneha,Mobile,Accessories,Ahmedabad,7,16664,116648
86,2025-09-01,Pooja,Tablet,Accessories,Delhi,8,54771,438168
87,2025-05-03,Vikas,Monitor,Accessories,Chennai,10,66901,669010
88,2025-06-04,Karan,Monitor,Accessories,Pune,2,56534,113068
89,2025-06-08,Rahul,Laptop,Electronics,Mumbai,8,36557,292456
90,2024-08-30,Rahul,Mobile,Accessories,Mumbai,2,54714,109428
91,2024-11-08,Priya,Keyboard,Electronics,Chennai,10,65516,655160
92,2025-10-25,Rahul,Printer,Office,Pune,5,49150,245750
93,2024-03-07,Sneha,Printer,Accessories,Ahmedabad,4,21457,85828
94,2025-02-13,Rohit,Mobile,Office,Hyderabad,6,22604,135624
95,2024-03-31,Rahul,Mouse,Accessories,Bangalore,8,22533,180264
96,2024-11-29,Vikas,Keyboard,Accessories,Surat,9,43621,392589
97,2025-09-09,Pooja,Printer,Accessories,Bangalore,2,36201,72402
98,2025-10-10,Anjali,Mouse,Office,Bangalore,4,8162,32648
99,2024-01-18,Priya,Tablet,Accessories,Mumbai,1,9183,9183
100,2025-03-03,Amit,Tablet,Accessories,Hyderabad,3,27957,83871
101,2025-03-29,Rohit,Mobile,Electronics,Surat,1,59883,59883
102,2025-09-26,Anjali,Keyboard,Electronics,Pune,5,47868,239340
103,2024-05-29,Rahul,Mobile,Accessories,Hyderabad,8,57155,457240
104,2025-03-16,Rahul,Tablet,Accessories,Chennai,6,20558,123348
105,2024-06-06,Karan,Mouse,Electronics,Ahmedabad,4,66354,265416
106,2024-03-16,Karan,Mobile,Electronics,Mumbai,9,27522,247698
107,2024-09-17,Rahul,Mouse,Office,Delhi,4,70485,281940
108,2025-02-07,Anjali,Keyboard,Office,Surat,8,25003,200024
109,2025-03-05,Vikas,Monitor,Office,Surat,2,23378,46756
110,2024-05-01,Amit,Monitor,Accessories,Mumbai,10,75599,755990
111,2024-10-31,Rahul,Tablet,Accessories,Hyderabad,8,44645,357160
112,2024-02-06,Vikas,Mouse,Office,Ahmedabad,10,19944,199440
113,2025-03-05,Karan,Laptop,Accessories,Surat,8,617,4936
114,2025-01-09,Pooja,Monitor,Accessories,Surat,6,45177,271062
115,2025-07-19,Rohit,Mouse,Electronics,Bangalore,4,7130,28520
116,2025-02-08,Vikas,Headphones,Electronics,Hyderabad,10,6722,67220
117,2025-02-25,Amit,Mobile,Accessories,Ahmedabad,3,46221,138663
118,2025-11-20,Sneha,Mobile,Electronics,Pune,3,75141,225423
119,2024-05-24,Pooja,Headphones,Accessories,Chennai,10,72563,725630
120,2024-11-23,Karan,Mouse,Electronics,Delhi,6,47475,284850
121,2025-10-12,Rahul,Tablet,Electronics,Ahmedabad,4,37929,151716
122,2025-11-21,Priya,Laptop,Office,Hyderabad,2,2814,5628
123,2025-09-28,Rahul,Keyboard,Office,Delhi,8,23651,189208
124,2025-01-25,Sneha,Laptop,Accessories,Pune,1,10075,10075
125,2024-03-26,Vikas,Headphones,Accessories,Mumbai,7,28936,202552
126,2024-09-27,Vikas,Monitor,Accessories,Mumbai,4,2554,10216
127,2024-11-10,Priya,Keyboard,Accessories,Pune,2,5041,10082
128,2025-05-10,Anjali,Headphones,Office,Bangalore,9,48118,433062
129,2025-08-25,Priya,Monitor,Office,Hyderabad,3,73499,220497
130,2025-04-30,Karan,Tablet,Office,Mumbai,9,36957,332613
131,2024-09-30,Rohit,Printer,Electronics,Pune,2,66659,133318
132,2025-07-24,Priya,Monitor,Electronics,Pune,1,22306,22306
133,2025-05-07,Rohit,Headphones,Electronics,Pune,4,5315,21260
134,2024-02-29,Priya,Headphones,Accessories,Delhi,1,62425,62425
135,2024-02-13,Vikas,Printer,Office,Surat,9,12613,113517
136,2025-11-29,Pooja,Keyboard,Accessories,Bangalore,1,24061,24061
137,2025-06-17,Anjali,Laptop,Electronics,Pune,3,5347,16041
138,2025-10-11,Vikas,Printer,Electronics,Chennai,10,37010,370100
139,2025-01-09,Vikas,Monitor,Office,Pune,3,78834,236502
140,2025-11-08,Anjali,Keyboard,Electronics,Chennai,9,11527,103743
141,2024-06-06,Pooja,Mobile,Office,Chennai,4,35642,142568
142,2024-11-30,Rahul,Mobile,Electronics,Mumbai,3,27723,83169
143,2025-09-21,Rohit,Tablet,Office,Hyderabad,4,42778,171112
144,2024-02-26,Karan,Tablet,Accessories,Ahmedabad,1,69804,69804
145,2024-03-01,Vikas,Printer,Electronics,Delhi,10,12279,122790
146,2025-09-15,Anjali,Printer,Office,Mumbai,8,13437,107496
147,2025-03-04,Vikas,Monitor,Office,Hyderabad,8,58694,469552
148,2025-02-04,Anjali,Headphones,Office,Bangalore,7,3738,26166
149,2024-12-10,Sneha,Keyboard,Office,Chennai,1,849,849
150,2025-10-28,Amit,Headphones,Office,Chennai,7,15405,107835
151,2025-01-30,Rohit,Keyboard,Electronics,Hyderabad,1,34172,34172
152,2025-11-09,Rohit,Printer,Accessories,Chennai,4,23936,95744
153,2024-02-23,Anjali,Headphones,Accessories,Hyderabad,3,23536,70608
154,2024-12-27,Neha,Tablet,Electronics,Ahmedabad,5,65090,325450
155,2025-03-18,Pooja,Monitor,Accessories,Ahmedabad,5,1122,5610
156,2025-04-18,Karan,Laptop,Electronics,Delhi,5,57687,288435
157,2025-01-04,Rahul,Headphones,Accessories,Surat,10,57701,577010
158,2025-08-07,Rahul,Mobile,Electronics,Pune,9,33713,303417
159,2025-02-17,Priya,Keyboard,Accessories,Bangalore,10,53141,531410
160,2024-07-04,Rohit,Printer,Office,Delhi,6,46969,281814
161,2025-10-22,Sneha,Tablet,Office,Ahmedabad,7,62031,434217
162,2024-10-25,Karan,Keyboard,Office,Delhi,9,72814,655326
163,2025-10-05,Sneha,Mouse,Office,Surat,6,73272,439632
164,2024-10-13,Pooja,Keyboard,Accessories,Hyderabad,5,53403,267015
165,2024-06-08,Priya,Keyboard,Accessories,Bangalore,10,36407,364070
166,2024-08-21,Priya,Printer,Office,Mumbai,8,77303,618424
167,2024-04-19,Neha,Mobile,Accessories,Surat,8,29626,237008
168,2024-05-18,Rahul,Monitor,Electronics,Surat,9,62973,566757
169,2025-10-28,Vikas,Headphones,Accessories,Delhi,6,41515,249090
170,2025-09-12,Pooja,Mobile,Electronics,Pune,7,73205,512435
171,2024-02-14,Neha,Laptop,Accessories,Delhi,5,20217,101085
172,2024-12-28,Rohit,Keyboard,Electronics,Pune,9,19500,175500
173,2025-05-30,Rohit,Headphones,Accessories,Surat,6,50101,300606
174,2024-07-03,Anjali,Laptop,Electronics,Surat,7,31898,223286
175,2025-10-20,Amit,Printer,Electronics,Hyderabad,10,79645,796450
176,2025-07-17,Rahul,Printer,Office,Chennai,9,2081,18729
177,2025-01-02,Rohit,Monitor,Electronics,Delhi,4,51524,206096
178,2024-03-24,Karan,Tablet,Accessories,Pune,2,40761,81522
179,2025-03-05,Priya,Headphones,Accessories,Chennai,4,29427,117708
180,2024-11-22,Anjali,Mobile,Office,Chennai,2,75237,150474
181,2025-11-27,Rohit,Laptop,Accessories,Bangalore,7,6782,47474
182,2024-02-09,Neha,Monitor,Electronics,Surat,4,37622,150488
183,2024-05-25,Priya,Keyboard,Office,Ahmedabad,7,30745,215215
184,2024-06-20,Neha,Printer,Office,Surat,7,47828,334796
185,2024-03-28,Sneha,Laptop,Office,Mumbai,1,42521,42521
186,2024-05-12,Neha,Headphones,Accessories,Surat,2,50476,100952
187,2024-05-26,Neha,Laptop,Electronics,Bangalore,1,56440,56440
188,2024-06-04,Neha,Printer,Electronics,Ahmedabad,4,78471,313884
189,2025-09-12,Anjali,Laptop,Electronics,Surat,1,71912,71912
190,2025-08-10,Pooja,Printer,Office,Bangalore,3,25488,76464
191,2024-09-14,Neha,Printer,Accessories,Pune,10,17969,179690
192,2024-02-14,Rahul,Headphones,Accessories,Mumbai,6,60514,363084
193,2025-05-27,Priya,Headphones,Accessories,Bangalore,8,55208,441664
194,2024-11-09,Sneha,Tablet,Accessories,Bangalore,8,3773,30184
195,2025-02-12,Rohit,Laptop,Accessories,Pune,4,13349,53396
196,2024-10-01,Pooja,Printer,Electronics,Bangalore,3,18521,55563
197,2024-11-12,Vikas,Tablet,Accessories,Chennai,1,58465,58465
198,2024-10-25,Pooja,Mouse,Office,Delhi,4,70117,280468
199,2024-11-30,Sneha,Printer,Office,Delhi,10,79414,794140
200,2024-03-22,Pooja,Mouse,Accessories,Mumbai,3,39481,118443
201,2025-07-14,Rohit,Tablet,Office,Hyderabad,9,57923,521307
202,2024-10-03,Rohit,Mobile,Electronics,Ahmedabad,10,29044,290440
203,2025-08-07,Neha,Mouse,Electronics,Chennai,1,6790,6790
204,2025-12-17,Vikas,Tablet,Office,Chennai,6,51362,308172
205,2024-10-05,Neha,Headphones,Accessories,Bangalore,9,22073,198657
206,2024-04-03,Rohit,Monitor,Office,Ahmedabad,3,5332,15996
207,2025-03-22,Karan,Mobile,Accessories,Chennai,1,53555,53555
208,2024-01-08,Sneha,Tablet,Electronics,Surat,9,50615,455535
209,2024-12-23,Rohit,Mouse,Electronics,Surat,9,56629,509661
210,2024-11-22,Karan,Tablet,Accessories,Surat,6,50807,304842
211,2024-10-20,Anjali,Keyboard,Electronics,Mumbai,1,9065,9065
212,2024-01-17,Amit,Laptop,Office,Delhi,4,1186,4744
213,2025-10-27,Vikas,Mobile,Electronics,Pune,5,69617,348085
214,2024-09-22,Pooja,Monitor,Electronics,Hyderabad,8,13763,110104
215,2024-01-26,Neha,Mouse,Accessories,Mumbai,7,62666,438662
216,2024-11-29,Sneha,Headphones,Electronics,Delhi,6,38042,228252
217,2024-02-11,Rahul,Mobile,Office,Hyderabad,1,40250,40250
218,2025-07-23,Amit,Tablet,Office,Bangalore,8,22826,182608
219,2024-07-20,Priya,Tablet,Accessories,Mumbai,8,4516,36128
220,2025-03-13,Sneha,Tablet,Office,Hyderabad,2,78231,156462
221,2024-05-03,Vikas,Mouse,Office,Surat,4,37031,148124
222,2025-10-04,Priya,Mobile,Accessories,Mumbai,5,20493,102465
223,2025-09-23,Priya,Mobile,Office,Pune,6,58864,353184
224,2025-10-15,Karan,Printer,Office,Surat,5,15747,78735
225,2024-07-14,Priya,Mouse,Accessories,Pune,7,28557,199899
226,2025-07-11,Sneha,Mobile,Accessories,Surat,2,37637,75274
227,2025-07-26,Anjali,Mouse,Electronics,Delhi,2,78576,157152
228,2025-12-08,Pooja,Tablet,Office,Hyderabad,6,41295,247770
229,2024-05-17,Karan,Mobile,Accessories,Surat,3,73373,220119
230,2025-09-13,Amit,Monitor,Accessories,Mumbai,3,56482,169446
231,2024-05-24,Neha,Monitor,Accessories,Surat,6,50277,301662
232,2025-12-16,Rohit,Mobile,Office,Surat,8,70860,566880
233,2024-02-07,Vikas,Keyboard,Accessories,Ahmedabad,10,63924,639240
234,2024-05-07,Sneha,Monitor,Office,Hyderabad,10,50545,505450
235,2025-11-15,Vikas,Mouse,Electronics,Ahmedabad,4,2038,8152
236,2024-07-26,Karan,Monitor,Accessories,Mumbai,3,10249,30747
237,2024-04-16,Karan,Mobile,Accessories,Hyderabad,10,45948,459480
238,2025-05-07,Vikas,Mouse,Office,Delhi,4,34249,136996
239,2024-12-18,Pooja,Mouse,Office,Chennai,3,41342,124026
240,2024-05-11,Pooja,Headphones,Accessories,Delhi,2,9701,19402
241,2025-12-04,Anjali,Keyboard,Office,Bangalore,9,62006,558054
242,2024-04-14,Anjali,Printer,Office,Pune,3,22788,68364
243,2024-01-04,Karan,Mouse,Electronics,Delhi,6,67610,405660
244,2025-02-06,Pooja,Laptop,Accessories,Chennai,5,30833,154165
245,2025-04-29,Rohit,Mouse,Accessories,Chennai,7,9959,69713
246,2025-12-20,Sneha,Monitor,Office,Ahmedabad,3,74247,222741
247,2024-01-25,Rahul,Monitor,Office,Hyderabad,2,16358,32716
248,2025-08-08,Rahul,Headphones,Electronics,Surat,5,11066,55330
249,2025-09-29,Neha,Mobile,Office,Ahmedabad,6,69506,417036
250,2025-04-07,Neha,Mouse,Electronics,Surat,5,36579,182895
251,2025-08-17,Pooja,Headphones,Electronics,Surat,9,79200,712800
252,2024-05-14,Anjali,Mobile,Electronics,Ahmedabad,2,4529,9058
253,2024-08-23,Pooja,Tablet,Electronics,Surat,6,4608,27648
254,2024-05-31,Rahul,Monitor,Electronics,Pune,5,2560,12800
255,2025-12-22,Rohit,Mouse,Office,Delhi,2,7234,14468
256,2025-10-17,Neha,Keyboard,Accessories,Chennai,4,67213,268852
257,2025-06-25,Anjali,Tablet,Accessories,Hyderabad,10,3929,39290
258,2024-02-25,Rohit,Keyboard,Electronics,Ahmedabad,4,48209,192836
259,2025-04-29,Karan,Tablet,Electronics,Ahmedabad,10,59014,590140
260,2024-05-19,Vikas,Laptop,Electronics,Mumbai,4,17784,71136
261,2025-12-19,Amit,Mobile,Office,Surat,2,58308,116616
262,2024-12-10,Amit,Headphones,Accessories,Surat,9,44867,403803
263,2024-04-30,Priya,Mouse,Office,Surat,3,1908,5724
264,2025-04-26,Neha,Monitor,Electronics,Ahmedabad,9,58664,527976
265,2024-09-30,Priya,Printer,Office,Surat,8,68402,547216
266,2025-01-29,Priya,Keyboard,Electronics,Delhi,10,50685,506850
267,2024-09-29,Rahul,Laptop,Electronics,Hyderabad,4,36796,147184
268,2024-12-27,Rahul,Laptop,Accessories,Pune,5,61327,306635
269,2025-03-24,Vikas,Monitor,Electronics,Surat,4,40698,162792
270,2024-06-20,Sneha,Mouse,Office,Hyderabad,6,45724,274344
271,2024-01-24,Karan,Laptop,Electronics,Bangalore,10,61990,619900
272,2025-11-26,Rahul,Mouse,Accessories,Hyderabad,4,34767,139068
273,2025-10-19,Pooja,Printer,Accessories,Delhi,2,17336,34672
274,2025-05-23,Pooja,Mobile,Office,Surat,1,40150,40150
275,2025-07-31,Sneha,Mouse,Office,Mumbai,1,77106,77106
276,2025-09-29,Amit,Headphones,Accessories,Ahmedabad,7,29991,209937
277,2024-08-17,Priya,Laptop,Accessories,Chennai,3,69298,207894
278,2025-07-16,Pooja,Mobile,Accessories,Ahmedabad,4,31720,126880
279,2024-02-02,Amit,Printer,Accessories,Mumbai,6,17587,105522
280,2024-07-12,Rohit,Laptop,Office,Hyderabad,2,13165,26330
281,2024-07-03,Vikas,Mobile,Accessories,Ahmedabad,3,39398,118194
282,2024-06-10,Rohit,Mobile,Accessories,Bangalore,9,42114,379026
283,2024-04-17,Rohit,Printer,Electronics,Ahmedabad,10,39886,398860
284,2025-04-14,Amit,Printer,Office,Delhi,6,59513,357078
285,2024-02-08,Vikas,Printer,Office,Mumbai,6,16234,97404
286,2024-02-01,Pooja,Laptop,Office,Chennai,6,10683,64098
287,2024-12-02,Karan,Printer,Accessories,Ahmedabad,2,22749,45498
288,2025-01-27,Priya,Laptop,Accessories,Chennai,7,48802,341614
289,2024-04-24,Amit,Mobile,Office,Hyderabad,6,32178,193068
290,2025-02-09,Anjali,Tablet,Office,Hyderabad,6,33433,200598
291,2024-05-25,Vikas,Monitor,Office,Bangalore,1,17559,17559
292,2025-05-16,Rahul,Mobile,Office,Pune,1,23380,23380
293,2024-04-19,Vikas,Mobile,Accessories,Hyderabad,5,23279,116395
294,2024-09-29,Neha,Monitor,Office,Delhi,1,34461,34461
295,2024-09-16,Pooja,Headphones,Electronics,Mumbai,2,34222,68444
296,2024-07-02,Rohit,Monitor,Office,Chennai,7,62474,437318
297,2025-01-05,Sneha,Mobile,Office,Ahmedabad,3,66147,198441
298,2025-11-30,Neha,Mobile,Accessories,Hyderabad,1,809,809
299,2024-02-23,Pooja,Mobile,Electronics,Ahmedabad,4,5248,20992
300,2024-06-03,Karan,Printer,Office,Chennai,2,38074,76148
301,2024-12-04,Vikas,Headphones,Electronics,Chennai,5,77517,387585
302,2024-08-19,Karan,Keyboard,Electronics,Bangalore,1,23141,23141
303,2024-09-19,Karan,Laptop,Office,Surat,10,46226,462260
304,2025-08-04,Vikas,Laptop,Office,Pune,7,67898,475286
305,2025-07-23,Sneha,Mobile,Electronics,Ahmedabad,3,54874,164622
306,2025-02-12,Rahul,Mobile,Electronics,Chennai,8,69507,556056
307,2025-03-02,Vikas,Printer,Accessories,Ahmedabad,1,42481,42481
308,2025-07-30,Rahul,Mouse,Electronics,Mumbai,7,22145,155015
309,2025-01-22,Vikas,Tablet,Accessories,Mumbai,9,47667,429003
310,2024-07-12,Rahul,Mouse,Office,Pune,3,6523,19569
311,2024-10-09,Pooja,Tablet,Office,Mumbai,1,49414,49414
312,2025-10-30,Vikas,Headphones,Office,Chennai,6,63546,381276
313,2024-12-28,Rohit,Tablet,Accessories,Delhi,6,67332,403992
314,2024-01-12,Anjali,Headphones,Office,Ahmedabad,3,14233,42699
315,2025-11-29,Pooja,Printer,Electronics,Ahmedabad,6,22645,135870
316,2024-02-21,Vikas,Mouse,Accessories,Delhi,10,34139,341390
317,2025-11-10,Pooja,Printer,Accessories,Bangalore,1,50886,50886
318,2024-03-10,Priya,Printer,Office,Surat,5,10185,50925
319,2025-02-10,Rahul,Keyboard,Accessories,Surat,9,10948,98532
320,2024-07-13,Anjali,Headphones,Accessories,Ahmedabad,4,68023,272092
321,2025-12-11,Anjali,Tablet,Electronics,Mumbai,2,9145,18290
322,2025-08-06,Karan,Laptop,Accessories,Delhi,7,24888,174216
323,2025-12-22,Rahul,Tablet,Electronics,Pune,8,39952,319616
324,2025-11-16,Rahul,Monitor,Accessories,Mumbai,9,64791,583119
325,2025-02-11,Karan,Printer,Accessories,Hyderabad,3,64334,193002
326,2025-12-13,Rohit,Keyboard,Electronics,Pune,5,27949,139745
327,2024-06-05,Rahul,Printer,Office,Hyderabad,8,68108,544864
328,2024-08-16,Rahul,Printer,Electronics,Chennai,3,17136,51408
329,2025-08-26,Anjali,Mobile,Electronics,Delhi,10,41172,411720
330,2025-07-06,Neha,Keyboard,Electronics,Mumbai,1,51462,51462
331,2024-06-22,Vikas,Headphones,Office,Bangalore,3,15457,46371
332,2024-08-21,Priya,Keyboard,Electronics,Delhi,5,72318,361590
333,2024-08-10,Neha,Monitor,Accessories,Pune,3,47764,143292
334,2024-04-16,Anjali,Monitor,Accessories,Bangalore,7,58984,412888
335,2025-07-28,Neha,Tablet,Office,Bangalore,10,72642,726420
336,2024-06-20,Rohit,Laptop,Office,Mumbai,9,51919,467271
337,2025-03-19,Vikas,Mobile,Office,Mumbai,7,5904,41328
338,2025-10-03,Rahul,Printer,Electronics,Delhi,1,63087,63087
339,2025-03-16,Anjali,Headphones,Accessories,Ahmedabad,3,77682,233046
340,2024-05-06,Vikas,Tablet,Accessories,Ahmedabad,6,21134,126804
341,2025-07-11,Anjali,Monitor,Electronics,Delhi,4,23367,93468
342,2024-10-07,Pooja,Monitor,Office,Hyderabad,4,2163,8652
343,2025-01-05,Neha,Printer,Office,Delhi,5,60219,301095
344,2024-01-16,Sneha,Monitor,Electronics,Ahmedabad,9,24237,218133
345,2025-03-30,Karan,Monitor,Office,Mumbai,10,18497,184970
346,2025-10-25,Anjali,Tablet,Office,Delhi,9,39050,351450
347,2025-03-26,Priya,Mouse,Accessories,Surat,9,72767,654903
348,2025-10-07,Rohit,Monitor,Office,Hyderabad,7,61533,430731
349,2024-01-27,Karan,Keyboard,Office,Delhi,9,36031,324279
350,2025-06-16,Karan,Printer,Office,Mumbai,1,3640,3640
351,2025-08-29,Sneha,Printer,Electronics,Bangalore,2,79344,158688
352,2025-11-06,Rohit,Keyboard,Electronics,Hyderabad,5,34496,172480
353,2025-04-21,Neha,Printer,Accessories,Surat,4,75738,302952
354,2024-09-30,Rahul,Mobile,Accessories,Bangalore,6,46962,281772
355,2025-02-28,Vikas,Tablet,Electronics,Mumbai,3,38714,116142
356,2025-04-03,Karan,Tablet,Electronics,Hyderabad,4,24730,98920
357,2024-04-05,Pooja,Printer,Office,Surat,8,9999,79992
358,2024-02-02,Priya,Monitor,Accessories,Mumbai,6,22323,133938
359,2025-03-01,Amit,Printer,Accessories,Ahmedabad,10,43145,431450
360,2025-05-30,Rohit,Headphones,Electronics,Mumbai,10,33148,331480
361,2025-02-01,Sneha,Tablet,Electronics,Mumbai,8,20497,163976
362,2025-05-16,Sneha,Headphones,Office,Mumbai,10,5459,54590
363,2025-04-16,Rahul,Mobile,Office,Pune,7,12201,85407
364,2025-11-24,Rahul,Tablet,Office,Chennai,5,24938,124690
365,2024-05-28,Pooja,Tablet,Electronics,Surat,7,15508,108556
366,2024-08-18,Vikas,Mobile,Office,Hyderabad,9,9196,82764
367,2024-06-02,Rohit,Printer,Accessories,Hyderabad,2,75942,151884
368,2024-12-23,Anjali,Mobile,Accessories,Delhi,7,44831,313817
369,2024-11-06,Rohit,Mouse,Accessories,Surat,7,79568,556976
370,2024-06-12,Priya,Mobile,Accessories,Mumbai,8,74124,592992
371,2025-06-13,Neha,Printer,Electronics,Hyderabad,6,21878,131268
372,2024-05-13,Vikas,Keyboard,Accessories,Surat,5,25830,129150
373,2024-05-09,Vikas,Mouse,Office,Mumbai,9,51747,465723
374,2025-08-17,Rohit,Tablet,Electronics,Hyderabad,8,59598,476784
375,2025-07-04,Priya,Laptop,Accessories,Surat,9,21168,190512
376,2025-07-26,Anjali,Mobile,Electronics,Pune,4,46953,187812
377,2024-10-24,Sneha,Tablet,Office,Mumbai,10,51505,515050
378,2025-10-30,Karan,Tablet,Accessories,Mumbai,4,49753,199012
379,2025-08-02,Priya,Keyboard,Electronics,Chennai,10,61902,619020
380,2025-07-06,Vikas,Laptop,Electronics,Pune,7,28323,198261
381,2024-04-07,Anjali,Printer,Accessories,Chennai,9,2476,22284
382,2024-03-12,Rahul,Mobile,Electronics,Surat,10,743,7430
383,2024-10-11,Neha,Keyboard,Office,Mumbai,7,65688,459816
384,2024-03-04,Sneha,Mouse,Accessories,Surat,10,22713,227130
385,2025-10-23,Karan,Mouse,Electronics,Surat,2,79686,159372
386,2024-03-17,Rohit,Keyboard,Office,Hyderabad,4,3562,14248
387,2025-03-05,Sneha,Headphones,Office,Mumbai,6,25108,150648
388,2025-10-10,Sneha,Headphones,Electronics,Ahmedabad,5,66195,330975
389,2025-09-25,Rohit,Mobile,Electronics,Mumbai,5,49905,249525
390,2025-04-09,Sneha,Printer,Office,Mumbai,6,28305,169830
391,2025-01-24,Rohit,Monitor,Office,Surat,4,38677,154708
392,2025-11-20,Rohit,Tablet,Electronics,Bangalore,6,55055,330330
393,2024-06-09,Rohit,Monitor,Office,Chennai,8,6982,55856
394,2025-07-08,Pooja,Tablet,Office,Surat,1,11809,11809
395,2025-05-25,Karan,Laptop,Accessories,Mumbai,4,70190,280760
396,2025-06-09,Sneha,Mouse,Electronics,Bangalore,5,50268,251340
397,2025-11-13,Priya,Printer,Electronics,Mumbai,5,36143,180715
398,2024-07-11,Anjali,Laptop,Accessories,Pune,4,66445,265780
399,2024-02-13,Neha,Laptop,Accessories,Mumbai,10,77155,771550
400,2025-07-27,Pooja,Mouse,Electronics,Pune,10,59244,592440
401,2025-08-16,Priya,Tablet,Electronics,Delhi,1,11719,11719
402,2025-11-30,Karan,Headphones,Accessories,Ahmedabad,1,48698,48698
403,2024-01-02,Sneha,Tablet,Electronics,Chennai,1,75663,75663
404,2024-09-06,Anjali,Headphones,Accessories,Chennai,1,27872,27872
405,2025-05-17,Karan,Laptop,Office,Pune,6,65123,390738
406,2024-09-28,Priya,Mouse,Electronics,Delhi,4,66218,264872
407,2025-12-05,Pooja,Mouse,Office,Bangalore,5,24702,123510
408,2025-12-07,Rahul,Laptop,Accessories,Mumbai,3,77766,233298
409,2025-03-06,Priya,Monitor,Electronics,Mumbai,10,47327,473270
410,2025-06-25,Priya,Headphones,Office,Pune,4,27621,110484
411,2024-07-10,Neha,Headphones,Electronics,Mumbai,8,54110,432880
412,2024-12-02,Neha,Printer,Accessories,Delhi,4,34200,136800
413,2024-07-28,Rahul,Laptop,Accessories,Surat,2,22741,45482
414,2024-02-28,Anjali,Monitor,Office,Hyderabad,8,67460,539680
415,2024-08-15,Neha,Mobile,Office,Delhi,3,7258,21774
416,2024-08-20,Karan,Laptop,Accessories,Bangalore,8,8901,71208
417,2025-10-18,Anjali,Mouse,Accessories,Bangalore,9,5484,49356
418,2025-03-28,Pooja,Keyboard,Electronics,Mumbai,8,35670,285360
419,2024-06-18,Vikas,Mouse,Accessories,Surat,4,11687,46748
420,2024-11-28,Karan,Headphones,Office,Surat,2,74604,149208
421,2025-10-30,Amit,Tablet,Accessories,Pune,9,10995,98955
422,2025-12-17,Neha,Monitor,Office,Surat,1,67289,67289
423,2025-07-26,Vikas,Keyboard,Accessories,Chennai,2,75347,150694
424,2024-05-15,Karan,Monitor,Electronics,Delhi,6,26826,160956
425,2025-01-15,Pooja,Laptop,Electronics,Delhi,10,65881,658810
426,2026-01-01,Anjali,Laptop,Office,Mumbai,8,24656,197248
427,2025-03-29,Karan,Printer,Electronics,Pune,3,38676,116028
428,2024-07-22,Amit,Mouse,Electronics,Pune,2,28173,56346
429,2025-12-18,Vikas,Tablet,Accessories,Surat,5,34393,171965
430,2025-01-09,Neha,Monitor,Office,Pune,3,37870,113610
431,2024-11-08,Rahul,Headphones,Office,Mumbai,5,22455,112275
432,2025-10-26,Rohit,Laptop,Electronics,Bangalore,2,40453,80906
433,2025-01-15,Priya,Laptop,Office,Delhi,7,3535,24745
434,2024-08-26,Amit,Monitor,Accessories,Ahmedabad,9,75828,682452
435,2025-02-08,Neha,Mobile,Electronics,Hyderabad,4,12151,48604
436,2025-10-21,Pooja,Mobile,Accessories,Ahmedabad,8,49986,399888
437,2024-03-08,Amit,Monitor,Office,Chennai,5,67449,337245
438,2024-08-13,Pooja,Headphones,Accessories,Chennai,2,68471,136942
439,2025-08-13,Pooja,Headphones,Office,Surat,8,13915,111320
440,2024-04-08,Pooja,Headphones,Accessories,Pune,1,25284,25284
441,2024-06-24,Pooja,Headphones,Accessories,Chennai,10,13107,131070
442,2025-09-11,Rohit,Tablet,Electronics,Bangalore,4,53041,212164
443,2025-12-06,Pooja,Monitor,Office,Bangalore,5,55427,277135
444,2025-09-29,Pooja,Tablet,Office,Bangalore,6,46364,278184
445,2025-04-18,Karan,Laptop,Accessories,Pune,3,45142,135426
446,2024-09-11,Amit,Tablet,Office,Hyderabad,10,14777,147770
447,2025-02-08,Vikas,Tablet,Accessories,Pune,8,39754,318032
448,2025-02-27,Karan,Printer,Accessories,Chennai,1,33739,33739
449,2024-12-17,Rahul,Laptop,Accessories,Hyderabad,4,14662,58648
450,2024-04-20,Amit,Mobile,Accessories,Surat,5,66274,331370
451,2024-02-19,Karan,Keyboard,Accessories,Surat,7,23342,163394
452,2024-02-08,Vikas,Headphones,Electronics,Bangalore,6,11314,67884
453,2025-02-18,Rohit,Laptop,Electronics,Chennai,3,31202,93606
454,2025-01-10,Amit,Mobile,Office,Hyderabad,4,49902,199608
455,2025-03-15,Rohit,Keyboard,Accessories,Pune,6,19129,114774
456,2024-03-27,Sneha,Headphones,Office,Delhi,5,44832,224160
457,2025-08-11,Rohit,Monitor,Accessories,Hyderabad,6,21377,128262
458,2024-09-05,Rohit,Laptop,Accessories,Ahmedabad,2,23138,46276
459,2025-01-30,Neha,Mobile,Electronics,Hyderabad,1,49329,49329
460,2025-01-15,Karan,Mobile,Office,Ahmedabad,9,42565,383085
461,2025-04-10,Rohit,Mouse,Electronics,Bangalore,5,36803,184015
462,2024-02-22,Rahul,Laptop,Office,Hyderabad,2,28714,57428
463,2025-09-25,Anjali,Tablet,Electronics,Ahmedabad,2,60563,121126
464,2024-04-14,Rahul,Keyboard,Electronics,Delhi,10,13484,134840
465,2024-07-04,Amit,Tablet,Electronics,Hyderabad,8,43210,345680
466,2024-01-31,Karan,Mouse,Electronics,Pune,10,69381,693810
467,2024-08-12,Vikas,Laptop,Electronics,Bangalore,9,39406,354654
468,2024-07-28,Anjali,Tablet,Office,Delhi,9,46246,416214
469,2024-02-10,Rohit,Mobile,Office,Delhi,5,31826,159130
470,2025-02-16,Rohit,Mouse,Office,Mumbai,3,12399,37197
471,2024-11-20,Amit,Laptop,Office,Delhi,1,49797,49797
472,2025-05-30,Sneha,Printer,Electronics,Surat,6,54359,326154
473,2025-09-02,Pooja,Mouse,Electronics,Mumbai,6,71976,431856
474,2024-12-29,Anjali,Headphones,Electronics,Mumbai,6,59720,358320
475,2025-12-31,Priya,Headphones,Office,Pune,9,9220,82980
476,2024-03-24,Neha,Mouse,Accessories,Hyderabad,7,13299,93093
477,2025-12-26,Rohit,Mobile,Accessories,Mumbai,9,24283,218547
478,2024-10-03,Rahul,Headphones,Office,Hyderabad,5,74815,374075
479,2024-06-18,Pooja,Printer,Office,Hyderabad,4,43651,174604
480,2025-11-01,Sneha,Tablet,Accessories,Surat,10,71293,712930
481,2024-02-08,Pooja,Mobile,Accessories,Mumbai,10,79211,792110
482,2024-09-27,Rohit,Monitor,Office,Chennai,5,30810,154050
483,2024-03-03,Amit,Headphones,Accessories,Chennai,8,57009,456072
484,2024-09-14,Neha,Monitor,Accessories,Bangalore,8,34581,276648
485,2025-11-30,Vikas,Monitor,Office,Bangalore,8,68544,548352
486,2025-02-23,Priya,Tablet,Office,Bangalore,9,31911,287199
487,2025-01-18,Sneha,Mouse,Accessories,Mumbai,2,9392,18784
488,2024-12-06,Anjali,Mouse,Electronics,Chennai,8,43806,350448
489,2025-09-04,Rahul,Tablet,Accessories,Bangalore,2,29223,58446
490,2025-07-22,Vikas,Mouse,Office,Bangalore,8,5703,45624
491,2025-09-12,Rahul,Tablet,Electronics,Mumbai,9,40228,362052
492,2024-06-27,Rahul,Keyboard,Office,Hyderabad,4,1583,6332
493,2025-06-16,Rohit,Mouse,Office,Chennai,10,79937,799370
494,2024-10-22,Rohit,Keyboard,Electronics,Chennai,3,78280,234840
495,2025-04-24,Pooja,Monitor,Office,Delhi,5,64250,321250
496,2025-02-22,Rahul,Printer,Electronics,Hyderabad,7,54523,381661
497,2024-02-13,Sneha,Printer,Accessories,Bangalore,5,49422,247110
498,2024-10-19,Priya,Keyboard,Accessories,Hyderabad,10,10459,104590
499,2025-08-27,Sneha,Laptop,Electronics,Chennai,1,59753,59753
500,2024-09-25,Rohit,Mobile,Electronics,Bangalore,7,31601,221207
501,2025-09-20,Anjali,Mobile,Office,Hyderabad,3,22493,67479
502,2024-05-22,Rohit,Printer,Electronics,Bangalore,6,25205,151230
503,2025-01-08,Priya,Monitor,Office,Bangalore,1,79680,79680
504,2024-09-25,Anjali,Mouse,Electronics,Ahmedabad,10,71432,714320
505,2024-05-15,Anjali,Laptop,Accessories,Delhi,7,2105,14735
506,2024-04-25,Amit,Keyboard,Office,Delhi,7,15676,109732
507,2024-10-21,Neha,Monitor,Electronics,Mumbai,2,9133,18266
508,2024-10-15,Karan,Keyboard,Accessories,Pune,2,54846,109692
509,2024-09-24,Anjali,Laptop,Accessories,Mumbai,3,22113,66339
510,2025-12-19,Rohit,Mouse,Electronics,Ahmedabad,6,38576,231456
511,2025-05-25,Priya,Mobile,Electronics,Bangalore,1,71570,71570
512,2024-02-18,Amit,Mouse,Electronics,Pune,1,65910,65910
513,2024-12-03,Pooja,Tablet,Electronics,Delhi,4,33067,132268
514,2025-01-20,Neha,Mouse,Office,Bangalore,7,20410,142870
515,2024-11-23,Anjali,Printer,Accessories,Bangalore,6,39140,234840
516,2025-08-10,Rohit,Mobile,Accessories,Ahmedabad,6,25125,150750
517,2024-09-14,Vikas,Headphones,Electronics,Ahmedabad,5,51366,256830
518,2024-05-28,Rohit,Headphones,Office,Surat,2,73322,146644
519,2024-11-24,Neha,Mobile,Accessories,Delhi,3,51673,155019
520,2024-05-19,Rohit,Laptop,Electronics,Pune,7,64914,454398
521,2025-12-27,Amit,Keyboard,Office,Hyderabad,7,29425,205975
522,2025-01-29,Pooja,Tablet,Accessories,Surat,8,60550,484400
523,2025-09-05,Sneha,Tablet,Electronics,Hyderabad,5,19781,98905
524,2024-04-08,Rohit,Printer,Office,Bangalore,3,19992,59976
525,2024-11-16,Neha,Printer,Accessories,Pune,4,61875,247500
526,2024-05-02,Anjali,Monitor,Accessories,Mumbai,6,29933,179598
527,2025-08-27,Rohit,Tablet,Accessories,Mumbai,7,22669,158683
528,2025-06-09,Anjali,Printer,Accessories,Chennai,5,52964,264820
529,2025-06-17,Karan,Headphones,Electronics,Chennai,8,14598,116784
530,2024-10-25,Rahul,Laptop,Office,Ahmedabad,2,62906,125812
531,2024-03-10,Amit,Tablet,Accessories,Chennai,10,63121,631210
532,2025-08-18,Anjali,Keyboard,Accessories,Hyderabad,7,18709,130963
533,2024-10-16,Anjali,Tablet,Accessories,Pune,1,67063,67063
534,2024-08-17,Neha,Monitor,Office,Surat,7,12497,87479
535,2025-04-22,Karan,Keyboard,Electronics,Bangalore,4,72566,290264
536,2025-05-03,Sneha,Mouse,Office,Ahmedabad,5,17965,89825
537,2025-07-28,Vikas,Mouse,Office,Bangalore,5,34164,170820
538,2025-05-22,Pooja,Mobile,Accessories,Delhi,6,54476,326856
539,2024-11-14,Pooja,Monitor,Accessories,Surat,2,12866,25732
540,2024-03-01,Pooja,Keyboard,Electronics,Surat,10,56920,569200
541,2024-11-28,Rahul,Printer,Accessories,Ahmedabad,8,35309,282472
542,2024-08-24,Pooja,Mouse,Accessories,Chennai,10,69803,698030
543,2024-12-30,Rohit,Headphones,Office,Delhi,8,17198,137584
544,2024-08-03,Sneha,Printer,Office,Pune,5,56720,283600
545,2025-12-03,Rahul,Mobile,Electronics,Surat,8,19595,156760
546,2025-08-07,Rahul,Mouse,Accessories,Mumbai,4,68767,275068
547,2024-08-29,Anjali,Monitor,Electronics,Bangalore,2,17035,34070
548,2025-08-07,Vikas,Laptop,Office,Delhi,2,26590,53180
549,2024-01-06,Rahul,Tablet,Accessories,Surat,6,66327,397962
550,2024-01-02,Anjali,Monitor,Accessories,Chennai,8,31885,255080
551,2025-10-15,Rohit,Monitor,Office,Ahmedabad,1,38351,38351
552,2024-10-16,Amit,Tablet,Accessories,Chennai,1,33608,33608
553,2024-01-16,Neha,Laptop,Office,Ahmedabad,8,55915,447320
554,2024-08-07,Vikas,Laptop,Office,Pune,10,15150,151500
555,2024-07-16,Anjali,Laptop,Electronics,Hyderabad,9,62015,558135
556,2025-10-16,Vikas,Mouse,Office,Delhi,2,24209,48418
557,2025-10-29,Anjali,Headphones,Accessories,Mumbai,10,26260,262600
558,2025-08-18,Anjali,Headphones,Electronics,Pune,6,4880,29280
559,2024-04-01,Vikas,Mobile,Electronics,Hyderabad,4,39296,157184
560,2024-11-24,Anjali,Printer,Electronics,Bangalore,8,44217,353736
561,2025-01-08,Priya,Printer,Accessories,Hyderabad,8,71303,570424
562,2024-01-26,Amit,Laptop,Electronics,Chennai,9,17903,161127
563,2025-11-16,Neha,Mobile,Accessories,Mumbai,10,18455,184550
564,2024-02-06,Rahul,Tablet,Electronics,Surat,9,54173,487557
565,2025-03-29,Vikas,Printer,Accessories,Pune,7,9226,64582
566,2025-07-08,Vikas,Mobile,Accessories,Delhi,8,7042,56336
567,2025-03-30,Anjali,Mobile,Electronics,Hyderabad,10,69940,699400
568,2025-01-01,Priya,Mouse,Electronics,Pune,6,16103,96618
569,2025-08-07,Priya,Laptop,Electronics,Bangalore,6,65361,392166
570,2025-07-07,Neha,Printer,Electronics,Surat,4,78785,315140
571,2024-07-14,Priya,Headphones,Accessories,Mumbai,4,15330,61320
572,2024-02-14,Anjali,Mobile,Office,Bangalore,10,39424,394240
573,2025-12-22,Rohit,Mobile,Accessories,Bangalore,1,70790,70790
574,2025-04-09,Rohit,Tablet,Accessories,Chennai,1,6994,6994
575,2025-08-31,Neha,Printer,Office,Ahmedabad,6,61680,370080
576,2025-05-24,Neha,Monitor,Electronics,Pune,4,3590,14360
577,2025-09-19,Vikas,Printer,Office,Delhi,7,16181,113267
578,2024-02-01,Anjali,Monitor,Electronics,Chennai,4,20400,81600
579,2025-09-23,Karan,Mobile,Office,Surat,8,75865,606920
580,2025-08-28,Rohit,Tablet,Electronics,Surat,6,73670,442020
581,2025-12-28,Anjali,Tablet,Electronics,Hyderabad,9,73915,665235
582,2025-03-13,Pooja,Mobile,Electronics,Chennai,9,54865,493785
583,2024-02-15,Rohit,Mobile,Accessories,Ahmedabad,9,67427,606843
584,2025-11-05,Amit,Monitor,Accessories,Chennai,6,75125,450750
585,2025-03-07,Sneha,Monitor,Electronics,Ahmedabad,6,12851,77106
586,2024-12-05,Karan,Monitor,Office,Pune,2,52164,104328
587,2024-10-05,Rahul,Printer,Accessories,Mumbai,9,48287,434583
588,2025-09-21,Neha,Keyboard,Office,Pune,3,22156,66468
589,2025-11-30,Rahul,Keyboard,Office,Bangalore,5,53840,269200
590,2024-01-17,Amit,Laptop,Accessories,Chennai,2,46391,92782
591,2025-12-04,Karan,Headphones,Office,Surat,1,67390,67390
592,2025-05-20,Karan,Tablet,Office,Ahmedabad,5,36205,181025
593,2025-03-24,Rahul,Keyboard,Electronics,Bangalore,9,45718,411462
594,2025-07-27,Neha,Headphones,Accessories,Delhi,1,8035,8035
595,2025-03-06,Priya,Monitor,Accessories,Pune,4,71008,284032
596,2024-06-28,Neha,Mobile,Electronics,Pune,10,67383,673830
597,2024-08-22,Vikas,Laptop,Electronics,Ahmedabad,8,3134,25072
598,2025-07-18,Anjali,Headphones,Office,Hyderabad,3,61029,183087
599,2024-07-06,Rohit,Mouse,Accessories,Mumbai,8,42754,342032
600,2024-01-16,Priya,Monitor,Accessories,Bangalore,6,65928,395568
601,2025-06-09,Neha,Keyboard,Accessories,Mumbai,2,59576,119152
602,2025-10-01,Rahul,Printer,Electronics,Hyderabad,8,78535,628280
603,2024-12-17,Rahul,Printer,Accessories,Surat,6,42480,254880
604,2025-09-03,Pooja,Headphones,Office,Bangalore,1,17771,17771
605,2025-02-15,Pooja,Tablet,Electronics,Surat,2,72104,144208
606,2025-12-30,Rahul,Mobile,Office,Surat,4,59868,239472
607,2024-07-11,Vikas,Laptop,Office,Mumbai,5,4996,24980
608,2025-01-10,Rohit,Mouse,Electronics,Delhi,3,4634,13902
609,2025-10-19,Anjali,Printer,Electronics,Ahmedabad,8,52286,418288
610,2025-09-16,Neha,Tablet,Accessories,Mumbai,5,69187,345935
611,2024-04-08,Amit,Printer,Office,Chennai,10,68453,684530
612,2025-12-23,Anjali,Keyboard,Office,Delhi,7,69150,484050
613,2025-06-20,Priya,Monitor,Accessories,Bangalore,2,67224,134448
614,2024-03-30,Rahul,Mobile,Office,Surat,10,47763,477630
615,2025-01-04,Sneha,Mouse,Accessories,Bangalore,9,31843,286587
616,2025-11-13,Anjali,Laptop,Office,Surat,8,15165,121320
617,2024-10-07,Karan,Mouse,Accessories,Delhi,4,33876,135504
618,2024-01-12,Pooja,Mobile,Electronics,Mumbai,9,41187,370683
619,2024-01-17,Neha,Mouse,Accessories,Bangalore,6,49404,296424
620,2025-02-11,Anjali,Keyboard,Accessories,Ahmedabad,2,70626,141252
621,2024-09-12,Vikas,Mouse,Office,Delhi,7,73080,511560
622,2025-08-28,Karan,Keyboard,Electronics,Pune,9,59028,531252
623,2024-01-31,Anjali,Printer,Electronics,Surat,9,47619,428571
624,2025-02-21,Pooja,Headphones,Accessories,Surat,5,27537,137685
625,2024-04-29,Rahul,Mobile,Accessories,Mumbai,3,74363,223089
626,2024-11-22,Pooja,Headphones,Electronics,Ahmedabad,7,72661,508627
627,2024-09-12,Neha,Headphones,Electronics,Surat,6,67774,406644
628,2025-12-13,Vikas,Monitor,Electronics,Surat,1,8085,8085
629,2025-07-30,Karan,Tablet,Electronics,Delhi,4,75253,301012
630,2025-10-25,Pooja,Printer,Electronics,Mumbai,3,38203,114609
631,2025-07-02,Rohit,Tablet,Office,Ahmedabad,5,75281,376405
632,2024-01-29,Vikas,Monitor,Office,Delhi,5,33398,166990
633,2025-11-25,Priya,Mouse,Electronics,Hyderabad,1,44728,44728
634,2025-07-18,Priya,Headphones,Accessories,Bangalore,1,37573,37573
635,2025-05-06,Karan,Mouse,Office,Surat,1,23556,23556
636,2024-03-19,Priya,Mobile,Office,Delhi,6,62799,376794
637,2025-08-11,Pooja,Laptop,Office,Ahmedabad,1,28813,28813
638,2024-12-30,Pooja,Monitor,Accessories,Pune,1,7145,7145
639,2024-03-14,Amit,Headphones,Office,Mumbai,8,15503,124024
640,2025-01-16,Anjali,Monitor,Accessories,Surat,8,2662,21296
641,2024-10-22,Pooja,Monitor,Accessories,Surat,7,59255,414785
642,2024-04-14,Sneha,Tablet,Accessories,Pune,10,11724,117240
643,2024-04-05,Amit,Headphones,Office,Chennai,1,39028,39028
644,2025-09-03,Karan,Mobile,Office,Chennai,7,27566,192962
645,2024-07-07,Priya,Laptop,Office,Ahmedabad,2,23165,46330
646,2025-03-28,Priya,Tablet,Electronics,Pune,7,70327,492289
647,2024-11-18,Rohit,Mouse,Electronics,Pune,10,14841,148410
648,2024-05-06,Anjali,Keyboard,Electronics,Chennai,6,62077,372462
649,2024-12-09,Amit,Tablet,Accessories,Ahmedabad,5,27112,135560
650,2024-10-21,Amit,Keyboard,Accessories,Chennai,6,64149,384894
651,2025-06-04,Vikas,Mobile,Accessories,Surat,10,7459,74590
652,2024-08-29,Pooja,Keyboard,Office,Bangalore,8,10742,85936
653,2025-09-14,Vikas,Mouse,Accessories,Bangalore,3,48689,146067
654,2025-06-01,Rohit,Printer,Electronics,Bangalore,1,66776,66776
655,2024-08-09,Vikas,Monitor,Office,Delhi,10,7475,74750
656,2024-12-18,Neha,Tablet,Accessories,Bangalore,3,46748,140244
657,2025-03-02,Anjali,Mouse,Office,Delhi,2,69776,139552
658,2024-10-02,Neha,Mobile,Office,Chennai,7,73905,517335
659,2025-12-05,Rahul,Headphones,Electronics,Chennai,7,27568,192976
660,2025-02-09,Vikas,Mobile,Office,Delhi,3,22157,66471
661,2025-07-29,Neha,Monitor,Accessories,Ahmedabad,10,25148,251480
662,2025-01-11,Karan,Laptop,Accessories,Ahmedabad,4,14484,57936
663,2025-08-04,Rohit,Laptop,Office,Pune,9,15229,137061
664,2025-06-10,Rahul,Mouse,Electronics,Ahmedabad,7,19389,135723
665,2024-11-02,Pooja,Laptop,Accessories,Surat,10,48745,487450
666,2024-02-26,Karan,Tablet,Electronics,Ahmedabad,4,40406,161624
667,2024-05-31,Neha,Tablet,Accessories,Delhi,6,14776,88656
668,2025-08-25,Priya,Printer,Accessories,Surat,10,34570,345700
669,2024-01-10,Anjali,Printer,Office,Chennai,3,3826,11478
670,2025-10-20,Neha,Headphones,Accessories,Hyderabad,6,11208,67248
671,2024-12-29,Priya,Mobile,Electronics,Bangalore,2,45253,90506
672,2025-12-15,Vikas,Mobile,Accessories,Delhi,5,8322,41610
673,2025-03-12,Karan,Mouse,Accessories,Ahmedabad,1,42447,42447
674,2024-11-09,Karan,Keyboard,Office,Mumbai,2,15577,31154
675,2025-08-18,Rohit,Headphones,Office,Pune,4,17934,71736
676,2024-09-04,Rahul,Laptop,Office,Chennai,6,2181,13086
677,2025-11-03,Rohit,Mouse,Electronics,Surat,3,22060,66180
678,2025-04-21,Amit,Keyboard,Office,Mumbai,4,37838,151352
679,2024-01-12,Vikas,Keyboard,Accessories,Ahmedabad,1,77050,77050
680,2024-05-30,Priya,Monitor,Electronics,Hyderabad,5,14693,73465
681,2024-09-24,Neha,Keyboard,Electronics,Delhi,6,7155,42930
682,2025-08-28,Pooja,Mouse,Accessories,Hyderabad,2,28617,57234
683,2024-11-11,Anjali,Laptop,Office,Surat,9,14119,127071
684,2024-09-20,Rahul,Mouse,Accessories,Delhi,3,27621,82863
685,2024-07-10,Karan,Keyboard,Electronics,Bangalore,10,65274,652740
686,2024-05-09,Vikas,Headphones,Electronics,Surat,9,44805,403245
687,2024-12-20,Neha,Mouse,Office,Delhi,3,45206,135618
688,2025-10-27,Amit,Monitor,Accessories,Ahmedabad,7,52324,366268
689,2025-06-10,Vikas,Mouse,Electronics,Mumbai,2,65072,130144
690,2025-01-22,Neha,Laptop,Accessories,Ahmedabad,9,19861,178749
691,2024-03-29,Rahul,Mobile,Electronics,Delhi,8,39985,319880
692,2025-03-10,Rahul,Keyboard,Office,Mumbai,5,71578,357890
693,2025-02-12,Priya,Headphones,Electronics,Mumbai,8,48345,386760
694,2024-01-29,Amit,Headphones,Office,Ahmedabad,2,78959,157918
695,2024-04-06,Amit,Headphones,Office,Ahmedabad,7,43937,307559
696,2024-09-10,Anjali,Monitor,Office,Bangalore,7,62701,438907
697,2024-06-01,Sneha,Tablet,Office,Surat,8,39841,318728
698,2025-08-15,Anjali,Mouse,Accessories,Mumbai,6,47005,282030
699,2024-06-12,Neha,Keyboard,Accessories,Bangalore,9,10718,96462
700,2025-03-24,Neha,Tablet,Accessories,Pune,4,45045,180180
701,2024-02-24,Sneha,Headphones,Accessories,Mumbai,9,12879,115911
702,2024-12-21,Karan,Monitor,Electronics,Delhi,8,29451,235608
703,2025-07-16,Sneha,Laptop,Electronics,Hyderabad,10,11721,117210
704,2024-02-19,Priya,Monitor,Office,Hyderabad,1,37073,37073
705,2025-01-24,Pooja,Headphones,Accessories,Delhi,3,15636,46908
706,2024-11-11,Anjali,Printer,Office,Bangalore,1,62439,62439
707,2024-11-17,Pooja,Mobile,Office,Mumbai,7,23424,163968
708,2025-09-04,Rohit,Keyboard,Office,Delhi,1,14777,14777
709,2025-05-20,Anjali,Mobile,Electronics,Mumbai,7,74072,518504
710,2024-09-15,Pooja,Tablet,Accessories,Chennai,4,60736,242944
711,2024-01-07,Pooja,Monitor,Office,Surat,4,67823,271292
712,2025-07-28,Rohit,Tablet,Accessories,Mumbai,4,27885,111540
713,2025-01-25,Neha,Monitor,Accessories,Ahmedabad,4,19858,79432
714,2024-05-05,Anjali,Printer,Office,Hyderabad,7,69633,487431
715,2024-01-25,Vikas,Laptop,Electronics,Hyderabad,7,37083,259581
716,2025-11-24,Rohit,Mobile,Electronics,Mumbai,2,11628,23256
717,2025-08-18,Rohit,Keyboard,Office,Chennai,10,57959,579590
718,2025-05-10,Anjali,Printer,Office,Chennai,3,73417,220251
719,2024-12-31,Rohit,Mobile,Office,Delhi,6,50433,302598
720,2025-09-19,Anjali,Tablet,Electronics,Delhi,10,8579,85790
721,2025-12-10,Sneha,Tablet,Electronics,Pune,1,18876,18876
722,2024-08-14,Anjali,Printer,Accessories,Ahmedabad,1,5795,5795
723,2025-06-06,Sneha,Laptop,Accessories,Delhi,5,6175,30875
724,2025-02-27,Karan,Monitor,Accessories,Delhi,6,17709,106254
725,2024-04-07,Neha,Monitor,Accessories,Ahmedabad,6,57630,345780
726,2025-03-11,Rohit,Monitor,Office,Hyderabad,8,35007,280056
727,2024-06-17,Priya,Mouse,Electronics,Mumbai,9,30839,277551
728,2024-07-12,Neha,Monitor,Accessories,Chennai,3,14489,43467
729,2024-02-08,Neha,Tablet,Office,Pune,6,1359,8154
730,2025-12-08,Vikas,Tablet,Office,Hyderabad,7,27506,192542
731,2024-11-12,Rahul,Printer,Office,Ahmedabad,5,26471,132355
732,2024-08-31,Priya,Mobile,Electronics,Pune,9,37037,333333
733,2025-12-01,Rohit,Tablet,Accessories,Mumbai,7,31736,222152
734,2024-03-18,Pooja,Mobile,Electronics,Bangalore,6,76326,457956
735,2025-03-26,Vikas,Mobile,Office,Hyderabad,8,10834,86672
736,2024-03-05,Rahul,Printer,Electronics,Chennai,2,16274,32548
737,2025-10-29,Vikas,Headphones,Electronics,Chennai,6,49733,298398
738,2025-07-13,Anjali,Mouse,Accessories,Pune,2,58062,116124
739,2024-04-30,Sneha,Printer,Electronics,Delhi,9,5518,49662
740,2024-08-31,Vikas,Printer,Accessories,Mumbai,9,3935,35415
741,2024-01-27,Sneha,Printer,Accessories,Mumbai,8,66710,533680
742,2025-06-10,Sneha,Keyboard,Office,Delhi,1,1232,1232
743,2024-08-31,Vikas,Printer,Electronics,Bangalore,10,5724,57240
744,2025-01-18,Anjali,Tablet,Electronics,Hyderabad,6,9275,55650
745,2024-04-13,Karan,Mouse,Electronics,Surat,4,47173,188692
746,2024-09-19,Neha,Headphones,Office,Ahmedabad,7,26833,187831
747,2025-01-06,Priya,Printer,Electronics,Chennai,4,44221,176884
748,2025-02-28,Vikas,Headphones,Office,Delhi,10,37358,373580
749,2024-01-06,Pooja,Mobile,Electronics,Surat,9,69833,628497
750,2024-04-30,Priya,Printer,Accessories,Chennai,4,64874,259496
751,2025-09-13,Vikas,Tablet,Electronics,Delhi,8,15299,122392
752,2025-03-23,Pooja,Monitor,Electronics,Mumbai,1,33045,33045
753,2024-04-29,Pooja,Printer,Office,Mumbai,10,63802,638020
754,2025-05-27,Rohit,Mouse,Accessories,Surat,3,55967,167901
755,2025-12-01,Pooja,Mobile,Accessories,Pune,8,75109,600872
756,2024-01-07,Priya,Laptop,Electronics,Bangalore,6,6271,37626
757,2024-12-26,Sneha,Printer,Office,Delhi,2,44623,89246
758,2025-12-27,Amit,Mobile,Accessories,Chennai,3,52008,156024
759,2025-06-14,Anjali,Headphones,Accessories,Hyderabad,7,39658,277606
760,2024-05-26,Amit,Keyboard,Accessories,Chennai,3,68182,204546
761,2025-04-03,Karan,Tablet,Office,Pune,3,28809,86427
762,2025-04-09,Amit,Mouse,Electronics,Hyderabad,8,29934,239472
763,2025-09-19,Pooja,Monitor,Electronics,Pune,8,12199,97592
764,2025-08-11,Vikas,Laptop,Electronics,Surat,3,9162,27486
765,2024-12-30,Anjali,Printer,Accessories,Delhi,4,24913,99652
766,2024-09-28,Priya,Tablet,Electronics,Ahmedabad,6,31932,191592
767,2024-01-29,Pooja,Mouse,Accessories,Hyderabad,8,49896,399168
768,2025-03-23,Vikas,Mobile,Office,Ahmedabad,9,72742,654678
769,2024-08-03,Sneha,Mobile,Office,Bangalore,6,58997,353982
770,2025-09-29,Amit,Monitor,Accessories,Bangalore,1,70212,70212
771,2024-12-20,Rahul,Mobile,Accessories,Chennai,1,22284,22284
772,2024-05-20,Vikas,Laptop,Office,Surat,1,14973,14973
773,2024-06-24,Anjali,Mobile,Accessories,Mumbai,8,54477,435816
774,2024-07-01,Amit,Mobile,Accessories,Hyderabad,5,24190,120950
775,2024-03-07,Sneha,Mobile,Electronics,Bangalore,10,64818,648180
776,2025-11-14,Pooja,Keyboard,Office,Delhi,1,7072,7072
777,2025-03-14,Karan,Tablet,Accessories,Pune,9,49568,446112
778,2024-05-19,Priya,Mobile,Accessories,Ahmedabad,7,69177,484239
779,2025-08-29,Vikas,Mouse,Electronics,Hyderabad,1,32199,32199
780,2025-06-24,Priya,Monitor,Office,Hyderabad,6,43600,261600
781,2025-03-11,Anjali,Headphones,Electronics,Chennai,3,3430,10290
782,2024-07-11,Neha,Headphones,Office,Ahmedabad,3,13562,40686
783,2024-01-13,Rohit,Mobile,Accessories,Hyderabad,1,64649,64649
784,2024-10-16,Rahul,Monitor,Electronics,Delhi,2,70571,141142
785,2024-06-19,Karan,Keyboard,Office,Surat,2,33457,66914
786,2024-01-27,Rohit,Headphones,Office,Delhi,10,25922,259220
787,2024-11-26,Priya,Monitor,Accessories,Hyderabad,4,1046,4184
788,2025-03-10,Anjali,Laptop,Accessories,Surat,6,74488,446928
789,2024-11-14,Neha,Monitor,Office,Ahmedabad,10,20075,200750
790,2025-10-19,Sneha,Laptop,Office,Surat,7,54614,382298
791,2024-09-10,Anjali,Tablet,Electronics,Hyderabad,3,45599,136797
792,2025-12-03,Priya,Tablet,Electronics,Delhi,2,56863,113726
793,2024-02-18,Amit,Laptop,Electronics,Mumbai,2,29147,58294
794,2025-12-17,Rohit,Printer,Accessories,Bangalore,4,64934,259736
795,2025-04-11,Vikas,Keyboard,Electronics,Pune,3,79359,238077
796,2024-06-28,Rohit,Printer,Office,Chennai,3,36595,109785
797,2025-03-28,Priya,Mouse,Office,Surat,10,20866,208660
798,2025-03-05,Pooja,Mouse,Accessories,Surat,10,9478,94780
799,2025-11-04,Pooja,Headphones,Electronics,Hyderabad,8,39181,313448
800,2025-12-04,Sneha,Headphones,Electronics,Ahmedabad,5,72182,360910
801,2024-09-24,Neha,Mobile,Office,Pune,5,75206,376030
802,2025-10-09,Pooja,Keyboard,Accessories,Chennai,5,5740,28700
803,2024-01-17,Pooja,Headphones,Electronics,Mumbai,7,2159,15113
804,2024-02-01,Neha,Printer,Office,Bangalore,6,2456,14736
805,2025-07-25,Rahul,Mouse,Office,Mumbai,7,28317,198219
806,2024-05-02,Rahul,Laptop,Office,Mumbai,6,30377,182262
807,2025-05-17,Anjali,Headphones,Accessories,Hyderabad,8,35686,285488
808,2024-12-01,Priya,Mobile,Office,Chennai,8,7866,62928
809,2025-08-04,Karan,Tablet,Accessories,Pune,8,40858,326864
810,2024-12-30,Anjali,Monitor,Accessories,Delhi,5,49159,245795
811,2024-08-21,Rahul,Tablet,Office,Delhi,1,1538,1538
812,2025-12-02,Rohit,Monitor,Office,Mumbai,3,35223,105669
813,2025-12-13,Vikas,Tablet,Electronics,Surat,9,6097,54873
814,2025-09-08,Neha,Mobile,Accessories,Chennai,3,56189,168567
815,2024-04-25,Anjali,Monitor,Office,Surat,9,9655,86895
816,2024-10-10,Rahul,Printer,Office,Delhi,10,4330,43300
817,2024-07-14,Rohit,Laptop,Accessories,Delhi,6,73406,440436
818,2025-12-04,Vikas,Monitor,Office,Surat,7,55691,389837
819,2025-01-09,Karan,Headphones,Accessories,Pune,3,78162,234486
820,2025-03-06,Pooja,Tablet,Accessories,Mumbai,8,55471,443768
821,2025-04-24,Rahul,Printer,Electronics,Hyderabad,5,1350,6750
822,2024-05-27,Rahul,Monitor,Office,Pune,9,64384,579456
823,2024-04-11,Rahul,Mouse,Office,Delhi,1,32528,32528
824,2024-09-14,Rohit,Printer,Accessories,Mumbai,4,52442,209768
825,2025-11-24,Rohit,Mouse,Accessories,Delhi,4,60081,240324
826,2025-08-09,Pooja,Mobile,Accessories,Pune,10,42294,422940
827,2024-02-05,Amit,Mobile,Electronics,Pune,2,7304,14608
828,2025-12-06,Anjali,Mouse,Accessories,Pune,7,19071,133497
829,2024-02-17,Sneha,Tablet,Electronics,Mumbai,2,51039,102078
830,2024-05-29,Neha,Headphones,Office,Delhi,8,56352,450816
831,2024-03-04,Rohit,Mobile,Office,Hyderabad,7,5232,36624
832,2024-07-23,Rohit,Mouse,Electronics,Delhi,1,33008,33008
833,2024-09-17,Rahul,Mouse,Accessories,Bangalore,7,43185,302295
834,2024-01-28,Priya,Keyboard,Office,Ahmedabad,2,58008,116016
835,2025-04-21,Sneha,Keyboard,Accessories,Ahmedabad,8,9249,73992
836,2025-12-01,Neha,Mobile,Accessories,Pune,8,4081,32648
837,2025-08-31,Priya,Keyboard,Office,Ahmedabad,5,51314,256570
838,2024-06-20,Karan,Keyboard,Accessories,Chennai,7,68597,480179
839,2024-02-21,Karan,Mouse,Office,Hyderabad,3,68103,204309
840,2025-02-20,Vikas,Monitor,Accessories,Surat,2,31048,62096
841,2024-08-13,Amit,Monitor,Office,Mumbai,1,6848,6848
842,2025-11-18,Anjali,Printer,Office,Surat,3,78782,236346
843,2025-04-04,Vikas,Tablet,Electronics,Surat,10,58182,581820
844,2024-02-13,Rohit,Mouse,Electronics,Chennai,1,69668,69668
845,2025-12-10,Karan,Tablet,Office,Chennai,10,67989,679890
846,2025-06-06,Sneha,Tablet,Office,Mumbai,5,23615,118075
847,2025-06-06,Priya,Printer,Accessories,Bangalore,4,31571,126284
848,2024-01-13,Amit,Monitor,Accessories,Pune,3,42461,127383
849,2024-10-04,Sneha,Monitor,Office,Mumbai,9,22204,199836
850,2025-10-22,Amit,Mobile,Electronics,Bangalore,10,37703,377030
851,2024-04-15,Karan,Monitor,Electronics,Pune,10,67666,676660
852,2025-08-19,Priya,Keyboard,Office,Hyderabad,8,7201,57608
853,2025-10-12,Rohit,Laptop,Accessories,Ahmedabad,6,72896,437376
854,2024-06-28,Sneha,Monitor,Electronics,Ahmedabad,9,72872,655848
855,2024-09-30,Priya,Printer,Accessories,Bangalore,7,63879,447153
856,2025-06-26,Vikas,Printer,Electronics,Pune,2,72072,144144
857,2025-06-26,Vikas,Mobile,Office,Surat,5,17981,89905
858,2025-08-02,Priya,Laptop,Office,Mumbai,5,55253,276265
859,2025-06-29,Neha,Mouse,Accessories,Hyderabad,7,54576,382032
860,2025-06-29,Pooja,Printer,Electronics,Delhi,9,43210,388890
861,2025-05-21,Pooja,Laptop,Electronics,Hyderabad,3,20758,62274
862,2025-03-27,Karan,Tablet,Office,Chennai,9,35538,319842
863,2025-02-07,Neha,Tablet,Electronics,Delhi,6,68018,408108
864,2025-12-25,Neha,Monitor,Accessories,Bangalore,7,66773,467411
865,2024-01-08,Sneha,Keyboard,Electronics,Pune,2,50572,101144
866,2024-11-20,Amit,Headphones,Accessories,Surat,3,27620,82860
867,2025-08-28,Priya,Keyboard,Accessories,Pune,8,69503,556024
868,2024-10-02,Sneha,Laptop,Office,Hyderabad,6,23295,139770
869,2024-07-11,Anjali,Headphones,Electronics,Chennai,5,4790,23950
870,2024-12-14,Neha,Mouse,Accessories,Ahmedabad,6,76427,458562
871,2025-10-02,Rohit,Laptop,Office,Mumbai,5,13125,65625
872,2024-08-26,Rohit,Keyboard,Office,Bangalore,8,67846,542768
873,2025-02-09,Karan,Laptop,Electronics,Delhi,5,19058,95290
874,2024-09-27,Sneha,Mouse,Accessories,Pune,4,5750,23000
875,2024-10-25,Anjali,Headphones,Office,Ahmedabad,4,10844,43376
876,2024-06-02,Pooja,Mobile,Electronics,Surat,3,15947,47841
877,2025-01-10,Neha,Mouse,Accessories,Mumbai,4,47098,188392
878,2025-01-25,Anjali,Laptop,Accessories,Hyderabad,9,20158,181422
879,2025-03-28,Sneha,Mobile,Electronics,Bangalore,8,34636,277088
880,2025-08-19,Sneha,Mobile,Accessories,Pune,2,68883,137766
881,2025-11-24,Priya,Headphones,Accessories,Pune,6,43019,258114
882,2024-06-19,Pooja,Monitor,Office,Ahmedabad,8,78318,626544
883,2025-02-19,Amit,Mobile,Electronics,Mumbai,3,74541,223623
884,2024-11-26,Karan,Laptop,Accessories,Pune,4,50353,201412
885,2024-01-11,Anjali,Printer,Electronics,Ahmedabad,8,19379,155032
886,2024-08-21,Anjali,Printer,Accessories,Ahmedabad,2,29071,58142
887,2025-09-29,Sneha,Mobile,Office,Mumbai,9,66653,599877
888,2025-09-26,Amit,Headphones,Electronics,Hyderabad,5,61151,305755
889,2025-01-21,Amit,Laptop,Accessories,Hyderabad,1,77489,77489
890,2025-01-28,Karan,Printer,Electronics,Chennai,6,10035,60210
891,2024-04-07,Neha,Mouse,Accessories,Chennai,7,32187,225309
892,2025-07-01,Anjali,Mouse,Accessories,Mumbai,5,13918,69590
893,2024-04-07,Rahul,Monitor,Office,Ahmedabad,6,6225,37350
894,2024-11-13,Neha,Laptop,Electronics,Bangalore,8,51120,408960
895,2025-07-06,Vikas,Monitor,Accessories,Pune,2,72164,144328
896,2025-08-16,Sneha,Laptop,Office,Delhi,10,32086,320860
897,2025-08-21,Karan,Monitor,Accessories,Mumbai,2,10574,21148
898,2025-07-28,Pooja,Tablet,Accessories,Ahmedabad,6,43160,258960
899,2025-05-13,Karan,Laptop,Accessories,Delhi,9,32507,292563
900,2025-03-13,Sneha,Mobile,Office,Chennai,8,64232,513856
901,2025-01-03,Pooja,Mobile,Office,Mumbai,1,65930,65930
902,2025-07-09,Vikas,Mobile,Accessories,Mumbai,1,959,959
903,2024-11-24,Anjali,Headphones,Office,Ahmedabad,3,65274,195822
904,2025-12-08,Amit,Mouse,Accessories,Hyderabad,2,9558,19116
905,2024-01-27,Neha,Laptop,Accessories,Bangalore,8,6731,53848
906,2024-12-04,Karan,Printer,Accessories,Delhi,8,68265,546120
907,2025-08-05,Amit,Laptop,Electronics,Hyderabad,4,31157,124628
908,2024-10-28,Rohit,Laptop,Office,Bangalore,5,2366,11830
909,2024-12-03,Priya,Keyboard,Electronics,Surat,7,44666,312662
910,2025-01-09,Sneha,Keyboard,Electronics,Ahmedabad,2,4642,9284
911,2025-10-17,Priya,Headphones,Office,Bangalore,10,53115,531150
912,2025-02-15,Pooja,Printer,Accessories,Bangalore,4,49619,198476
913,2025-12-20,Neha,Headphones,Electronics,Chennai,8,56408,451264
914,2025-10-13,Vikas,Monitor,Accessories,Mumbai,2,9715,19430
915,2024-04-15,Pooja,Tablet,Accessories,Mumbai,9,39561,356049
916,2025-08-08,Sneha,Mobile,Accessories,Ahmedabad,5,46590,232950
917,2024-04-02,Sneha,Tablet,Accessories,Pune,8,36394,291152
918,2024-06-15,Rohit,Tablet,Accessories,Pune,5,9834,49170
919,2025-01-15,Neha,Tablet,Accessories,Chennai,1,12691,12691
920,2024-02-26,Amit,Keyboard,Office,Bangalore,10,41363,413630
921,2025-05-06,Priya,Mobile,Accessories,Pune,2,34742,69484
922,2024-02-02,Rahul,Mouse,Electronics,Mumbai,5,57868,289340
923,2024-12-01,Pooja,Mouse,Office,Delhi,2,26063,52126
924,2025-03-14,Amit,Printer,Electronics,Delhi,3,75056,225168
925,2024-09-11,Sneha,Laptop,Accessories,Ahmedabad,10,3057,30570
926,2025-08-29,Neha,Laptop,Office,Surat,8,24805,198440
927,2024-09-13,Karan,Printer,Accessories,Mumbai,8,56942,455536
928,2024-12-10,Karan,Mouse,Accessories,Pune,8,31231,249848
929,2025-10-30,Karan,Tablet,Office,Delhi,6,35564,213384
930,2025-01-16,Sneha,Mobile,Electronics,Mumbai,3,38281,114843
931,2025-06-03,Pooja,Printer,Accessories,Mumbai,3,6798,20394
932,2024-04-05,Sneha,Keyboard,Accessories,Chennai,6,65591,393546
933,2024-10-24,Priya,Monitor,Accessories,Delhi,10,42246,422460
934,2025-07-13,Anjali,Printer,Office,Bangalore,1,72325,72325
935,2024-03-17,Amit,Headphones,Office,Pune,8,61472,491776
936,2024-07-17,Priya,Mobile,Office,Surat,5,61469,307345
937,2024-09-04,Anjali,Laptop,Electronics,Bangalore,5,11573,57865
938,2025-09-01,Neha,Tablet,Accessories,Ahmedabad,9,29205,262845
939,2024-02-11,Rahul,Tablet,Office,Ahmedabad,4,8695,34780
940,2024-08-03,Rahul,Printer,Accessories,Chennai,4,8737,34948
941,2024-10-02,Priya,Mouse,Accessories,Pune,10,9716,97160
942,2024-12-20,Rohit,Laptop,Accessories,Delhi,10,13621,136210
943,2024-04-04,Pooja,Laptop,Office,Pune,7,6115,42805
944,2025-11-02,Priya,Tablet,Office,Hyderabad,9,18873,169857
945,2025-01-26,Neha,Mouse,Office,Pune,3,64894,194682
946,2024-04-01,Amit,Headphones,Electronics,Mumbai,2,27408,54816
947,2024-09-04,Karan,Laptop,Accessories,Chennai,8,62820,502560
948,2025-08-22,Rohit,Headphones,Accessories,Bangalore,9,49042,441378
949,2025-11-05,Amit,Tablet,Office,Hyderabad,3,40930,122790
950,2025-03-15,Karan,Monitor,Office,Delhi,5,27601,138005
951,2025-08-06,Neha,Mobile,Office,Bangalore,8,46181,369448
952,2025-06-01,Rohit,Tablet,Office,Mumbai,9,2124,19116
953,2024-01-26,Neha,Headphones,Electronics,Bangalore,5,39024,195120
954,2025-12-24,Priya,Monitor,Accessories,Surat,9,14350,129150
955,2024-09-16,Pooja,Tablet,Office,Mumbai,7,1162,8134
956,2025-02-13,Neha,Mobile,Office,Mumbai,4,10517,42068
957,2024-02-14,Vikas,Mouse,Accessories,Surat,9,60153,541377
958,2024-02-27,Pooja,Keyboard,Office,Bangalore,7,19578,137046
959,2025-04-30,Priya,Printer,Office,Delhi,1,67163,67163
960,2025-06-16,Priya,Headphones,Office,Mumbai,10,77908,779080
961,2024-10-30,Priya,Tablet,Accessories,Ahmedabad,6,22854,137124
962,2024-11-20,Pooja,Headphones,Accessories,Hyderabad,8,11748,93984
963,2025-04-03,Priya,Mouse,Accessories,Surat,10,47224,472240
964,2024-11-22,Neha,Headphones,Accessories,Surat,9,13092,117828
965,2024-12-22,Pooja,Laptop,Accessories,Pune,2,52016,104032
966,2024-02-24,Sneha,Keyboard,Office,Delhi,1,30799,30799
967,2024-02-23,Priya,Laptop,Office,Chennai,3,52072,156216
968,2025-11-02,Amit,Mobile,Electronics,Ahmedabad,9,55466,499194
969,2024-10-21,Rahul,Mobile,Electronics,Delhi,4,61361,245444
970,2025-05-23,Rohit,Laptop,Accessories,Hyderabad,4,78242,312968
971,2025-03-17,Priya,Printer,Office,Chennai,2,66103,132206
972,2025-02-25,Vikas,Laptop,Electronics,Pune,4,77838,311352
973,2025-09-26,Rahul,Headphones,Accessories,Ahmedabad,9,53796,484164
974,2025-06-09,Neha,Mouse,Electronics,Ahmedabad,3,54728,164184
975,2025-05-20,Rahul,Keyboard,Accessories,Hyderabad,5,56970,284850
976,2024-03-23,Sneha,Mouse,Accessories,Bangalore,4,48499,193996
977,2025-08-12,Neha,Printer,Accessories,Pune,1,28924,28924
978,2025-12-03,Amit,Mobile,Accessories,Chennai,3,62368,187104
979,2024-03-10,Vikas,Mouse,Office,Pune,10,51171,511710
980,2025-10-24,Amit,Mouse,Electronics,Mumbai,3,48912,146736
981,2024-06-14,Pooja,Mouse,Accessories,Chennai,5,57192,285960
982,2024-01-04,Rohit,Tablet,Electronics,Hyderabad,2,69419,138838
983,2025-10-12,Rahul,Mouse,Office,Pune,2,39601,79202
984,2024-05-05,Pooja,Monitor,Accessories,Pune,6,15439,92634
985,2025-05-09,Sneha,Mouse,Accessories,Pune,6,76715,460290
986,2024-04-19,Priya,Printer,Accessories,Delhi,4,44425,177700
987,2024-10-05,Amit,Keyboard,Office,Chennai,6,70586,423516
988,2025-04-02,Pooja,Mouse,Office,Bangalore,1,72737,72737
989,2025-02-23,Neha,Mouse,Electronics,Chennai,2,47131,94262
990,2024-09-25,Neha,Tablet,Accessories,Delhi,8,39527,316216
991,2025-08-31,Priya,Tablet,Accessories,Hyderabad,6,42638,255828
992,2026-01-01,Rohit,Tablet,Accessories,Chennai,1,68241,68241
993,2024-08-24,Neha,Monitor,Electronics,Pune,1,31653,31653
994,2024-08-01,Pooja,Tablet,Electronics,Mumbai,2,38789,77578
995,2025-06-11,Amit,Tablet,Electronics,Pune,7,44454,311178
996,2024-12-14,Sneha,Keyboard,Office,Delhi,1,44796,44796
997,2025-06-21,Vikas,Printer,Electronics,Pune,4,29757,119028
998,2025-10-27,Anjali,Tablet,Accessories,Hyderabad,3,70608,211824
999,2024-08-21,Pooja,Mouse,Accessories,Ahmedabad,2,21850,43700
1000,2025-08-30,Sneha,Printer,Electronics,Hyderabad,5,44439,222195
